Marca temporal,Lugar y fecha,Nombre de la empresa:,Giro,Dirección,Teléfono,Correo electrónico,1. ¿Cuenta con los servicios de un contador público?,2. ¿ Qué tan importante considera contratar los servicios de un contador público?,3. ¿Cuál es el estado laboral? ,4. ¿Cómo visualiza su periodo económico en cuanto a inversión y capital? ,5. ¿Cuál es su expectativa en cuanto al futuro próximo?,6. ¿Qué retos y problemas espera enfrentar?,7. ¿Cuáles son sus probabilidades de contratación?,"8. Número de Personal por puesto que contrataría. 
(Seleccione por cada área de conocimiento el número de personal que contraría, en caso de no contratar marque ""0"".) [Administración  y recursos Humanos]","8. Número de Personal por puesto que contrataría. 
(Seleccione por cada área de conocimiento el número de personal que contraría, en caso de no contratar marque ""0"".) [Contabilidad y Finanzas]","8. Número de Personal por puesto que contrataría. 
(Seleccione por cada área de conocimiento el número de personal que contraría, en caso de no contratar marque ""0"".) [Producción]","8. Número de Personal por puesto que contrataría. 
(Seleccione por cada área de conocimiento el número de personal que contraría, en caso de no contratar marque ""0"".) [Ventas y Marketing]","8. Número de Personal por puesto que contrataría. 
(Seleccione por cada área de conocimiento el número de personal que contraría, en caso de no contratar marque ""0"".) [Otro]","9. Número de Personal por nivel educativo que contraría.
(Seleccione por cada nivel educativo el número de personal que contraría, en caso de no contratar marque ""0"".) [Educación Inicial]","9. Número de Personal por nivel educativo que contraría.
(Seleccione por cada nivel educativo el número de personal que contraría, en caso de no contratar marque ""0"".) [Educación primaria]","9. Número de Personal por nivel educativo que contraría.
(Seleccione por cada nivel educativo el número de personal que contraría, en caso de no contratar marque ""0"".) [Educación secundaria]","9. Número de Personal por nivel educativo que contraría.
(Seleccione por cada nivel educativo el número de personal que contraría, en caso de no contratar marque ""0"".) [Educación media superior]","9. Número de Personal por nivel educativo que contraría.
(Seleccione por cada nivel educativo el número de personal que contraría, en caso de no contratar marque ""0"".) [Educación superior  nivel Técnico]","9. Número de Personal por nivel educativo que contraría.
(Seleccione por cada nivel educativo el número de personal que contraría, en caso de no contratar marque ""0"".) [Maestría]","9. Número de Personal por nivel educativo que contraría.
(Seleccione por cada nivel educativo el número de personal que contraría, en caso de no contratar marque ""0"".) [Doctorado]","9. Número de Personal por nivel educativo que contraría.
(Seleccione por cada nivel educativo el número de personal que contraría, en caso de no contratar marque ""0"".) [Otro]",10. Habilidades y actitudes del TSU en Contaduría Pública. [Comunicación oral y escrita],10. Habilidades y actitudes del TSU en Contaduría Pública. [Capacidad para el trabajo en equipo],10. Habilidades y actitudes del TSU en Contaduría Pública. [Facilidad para relacionarse],10. Habilidades y actitudes del TSU en Contaduría Pública. [Habilidad para tomar de decisiones],10. Habilidades y actitudes del TSU en Contaduría Pública. [Capacidad de Liderazgo],10. Habilidades y actitudes del TSU en Contaduría Pública. [Organización],10. Habilidades y actitudes del TSU en Contaduría Pública. [Compromiso],10. Habilidades y actitudes del TSU en Contaduría Pública. [Uso de la tecnología para resolver problemas],10. Habilidades y actitudes del TSU en Contaduría Pública. [Análisis e interpretación de de información financiera],10. Habilidades y actitudes del TSU en Contaduría Pública. [Perspectica de leyes y normas contables],10. Habilidades y actitudes del TSU en Contaduría Pública. [Otro],11. ¿Utiliza un software para llevar su contabilidad empresarial? ,11.a. ¿Que software utiliza?,12. ¿Tiene la disposición de participar con la Universidad Tecnológica de la Sierra Sur de Oaxaca para captar egresados en TSU en Contaduría?.,12.a. ¿Por qué?,13. Número de empleos que la organización piensa crear durante los siguientes 3 años  con la especialidad en TSU en Contaduría.  [Puesto desempeñado],13. Número de empleos que la organización piensa crear durante los siguientes 3 años  con la especialidad en TSU en Contaduría.  [Supervisor del área de contabilidad],13. Número de empleos que la organización piensa crear durante los siguientes 3 años  con la especialidad en TSU en Contaduría.  [Coordinador de controlaría interna],13. Número de empleos que la organización piensa crear durante los siguientes 3 años  con la especialidad en TSU en Contaduría.  [Coordinador de auditoria],13. Número de empleos que la organización piensa crear durante los siguientes 3 años  con la especialidad en TSU en Contaduría.  [Coordinador en el area de finanzas],13. Número de empleos que la organización piensa crear durante los siguientes 3 años  con la especialidad en TSU en Contaduría.  [Coordinador de costos],13. Número de empleos que la organización piensa crear durante los siguientes 3 años  con la especialidad en TSU en Contaduría.  [Asesor fiscal y  contable],13. Número de empleos que la organización piensa crear durante los siguientes 3 años  con la especialidad en TSU en Contaduría.  [Coordinador de administración de personal],"14. Marque con las Profesiones, oficios y/o actividades que se requieren por nivel de TSU en Contaduría. ",15. Seleccione la función y la frecuencia expresada en número sobre la realización de funciones en la organizaciones.   [Manejo de libros contables],15. Seleccione la función y la frecuencia expresada en número sobre la realización de funciones en la organizaciones.   [Elaboración y control de estados financieros],15. Seleccione la función y la frecuencia expresada en número sobre la realización de funciones en la organizaciones.   [Cumplimiento de obligaciones fiscales],15. Seleccione la función y la frecuencia expresada en número sobre la realización de funciones en la organizaciones.   [Transacciones contables],15. Seleccione la función y la frecuencia expresada en número sobre la realización de funciones en la organizaciones.   [Proporcionar Asesoría],15. Seleccione la función y la frecuencia expresada en número sobre la realización de funciones en la organizaciones.   [Informes financieros],15. Seleccione la función y la frecuencia expresada en número sobre la realización de funciones en la organizaciones.   [Auditorías a empresas o particulares],15. Seleccione la función y la frecuencia expresada en número sobre la realización de funciones en la organizaciones.   [Elaborar inventarios],15. Seleccione la función y la frecuencia expresada en número sobre la realización de funciones en la organizaciones.   [Utilizar un software],15. Seleccione la función y la frecuencia expresada en número sobre la realización de funciones en la organizaciones.   [Elaborar informe tributario]
1/31/2023 20:00:37,Villa Sola de Vega a 31 de enero del 2023,Regalos FIESTA ,Venta de regalos y productos de temporada ,Independencia esq. Fco. I. Madero ,2218639653, liazoefiesta@gmail.com,No,Poco importante,a) Empleado autónomo independiente.,3.Crecerá su capital más del 20%,3. Muy positivo,1.Competencia en los servicios,1. Contratará personas especializadas en contaduría Pública,0,1,0,1,2,0,0,1,2,1,0,0,0,.,.,.,.,.,.,.,.,,.,.,Sí,Eleventa,Sí,"Porque son jóvenes que conocen el medio social, económico de esta comunidad como mínimo,  lo que duró su preparación académica. ",,,,,,,Educación superior nivel Técnico,Educación superior nivel Técnico,"Supervisor del área de contabilidad, Coordinador de auditoria, Asesor fiscal y  contable, Coordinador de administración de personal",3,3,3,3,4,4,2,3,4,4
2/1/2023 9:20:48,SAN GABRIEL MIXTEPEC (01/02/2023),LABORATORIO DE ANALISIS CLINICOS DEL CARMEN,LABORATORIO MEDICO Y DE DIAGNOSTICOD PERTENECIENTE AL SECTOR PRIVADL,"CORREGIDORA S/N
SAN GABRIEL MIXTEPEC",9541193559,ines_jimenez_79@hotmail.com,Sí,Muy importante,a) Empleado autónomo independiente.,4. Crecerá su capital entre un 10-20%,2. Más o menos positivo,1.Competencia en los servicios,2. Contratará personal administrativo,1,1,1,1,,,,,1,1,,,,.,.,.,.,.,.,.,,,.,,No,,Sí,,,Educación superior nivel Técnico,Educación superior nivel Técnico,,,Educación superior nivel Técnico,Educación superior nivel Técnico,,"Cooordinador de contraloría interna, Coordinador de costos, Asesor fiscal y  contable",1,1,1,,,1,,1,1,1
2/1/2023 12:27:24,Villa sola de Vega 01/02/23,Cremería Juquilita ,Alimentos ,Zaragoza s/n barrio la soledad villa sola de Vega ,9513226189,riosrodriguezantoniodejesus@gmail.com,No,Importante,,1.Tenderá a crecer,3. Muy positivo,1.Competencia en los servicios,1. Contratará personas especializadas en contaduría Pública,0,1,0,1,0,0,0,0,1,1,0,0,0,,,,,,,.,,,,,No,,Sí,Sería una muy buena opción de que los jóvenes nos apoyen con sus conocimientos ,,,,,,,,,Asesor fiscal y  contable,,,,,,,,,,
2/1/2023 17:32:49,"San Miguel Mixtepec, Zimatlán, Oaxaca a 01 de febrero de 2023","Abarrotes ""La Carmelita""",Venta de productos de la canasta básica ,Morelos S/N,9514881456,,No,De regular importancia,a) Empleado autónomo independiente.,1.Tenderá a crecer,4. No sabe,1.Competencia en los servicios,2. Contratará personal administrativo,1,1,0,0,,,,,1,,,,,,,,.,.,.,,,.,.,,No,,Sí,Porque sería una muy buena opción para mi negocio ,,Educación superior nivel Técnico,,,Educación superior nivel Técnico,,,Educación superior nivel Técnico,"Supervisor del área de contabilidad, Coordinador en el área de finanzas, Asesor fiscal y  contable",1,1,1,2,2,2,1,1,1,1
2/1/2023 17:47:33,San Pedro juchatengo  juq oaxaca  1 -2 -23,Comedor los cazadorez ,,Carretera oaxaca puerto escondido km 132 cp 71920,9545865047,Cazadorezcortes@outlook.com,Sí,Muy importante,,1.Tenderá a crecer,3. Muy positivo,1.Competencia en los servicios,2. Contratará personal administrativo,,,,,0,,,,,,,,0,,.,,,,,,,,,,,,,,,,,,,,,Educación Inicial,Asesor fiscal y  contable,,,1,,,,,,,
2/1/2023 17:52:11,Sn Pedro juchatengo  1/02/23,Depósito la nueva luz ,,San Pedro juchatengo ,9542113246,Pacoe_@hotmail.com,Sí,Importante,a) Empleado autónomo independiente.,1.Tenderá a crecer,3. Muy positivo,1.Competencia en los servicios,2. Contratará personal administrativo,1,1,2,Más de 5,,0,,3,3,2,,,,,.,,,,.,.,.,.,.,,Sí,,Sí,Para compartir conocimientos y estadísticas ,,,,,Educación superior nivel Técnico,,Educación superior nivel Técnico,Educación superior nivel Técnico,"Supervisor del área de contabilidad, Coordinador en el área de finanzas, Coordinador de administración de personal",,2,2,1,2,,,2,2,
2/1/2023 20:08:06,"San Pedro Juchatengo, Oaxaca a 01 de febrero",Depósito Mendoza ,Bar,"Fray Bartolomé de las casas 49, San Pedro Juchatengo ",9514396327,juanur.mendoza@gmail.com,Sí,Muy importante,a) Empleado autónomo independiente.,1.Tenderá a crecer,3. Muy positivo,2.Falta de entrenamiento en los empleados,3. Mantendrá el mismo número de empleados,1,1,0,1,,,,2,1,,,,,.,,,.,,.,.,.,.,.,,Sí,Solidus,No,Por el momento no debido al tamaño de la empresa,,Educación media superior,Educación media superior,Educación media superior,Educación media superior,Educación media superior,Educación media superior,Educación media superior,"Supervisor del área de contabilidad, Coordinador de auditoria, Asesor fiscal y  contable",10,8,10,10,7,7,5,8,10,8
2/1/2023 21:04:51,"San Pablo Cuatro Venados, 01 de febrero, 2023",Santos Reyes,,San Pablo Cuatro Venados,9515486086,,No,Nada importante,a) Empleado autónomo independiente.,5. No sabe,3. Muy positivo,1.Competencia en los servicios,3. Mantendrá el mismo número de empleados,,,,,0,,,,,,,,0,,,,,,.,,,,,,No,Ninguna ,No,La verdad tengo un negocio pequeño,,,,,,,,,,,,,,,,,,1,
2/1/2023 21:49:00,San Juan Juquila Mixes a 01 de Febrero de 2023.,"Miscelania ""La Flor""",Local,"Domicilio conocido, San Juan Juquila Mixes",X,berecarlos2002@gmail.com,No,Importante,a) Empleado autónomo independiente.,5. No sabe,2. Más o menos positivo,1.Competencia en los servicios,1. Contratará personas especializadas en contaduría Pública,1,1,0,1,0,0,0,0,1,1,1,1,0,.,.,.,.,.,.,.,.,.,.,.,No,No utilizo ,No,Esta muy lejos,Educación media superior,Educación superior nivel Técnico,,,Educación superior nivel Técnico,,,Educación superior nivel Técnico,"Supervisor del área de contabilidad, Coordinador en el área de finanzas, Asesor fiscal y  contable",3,3,3,2,2,1,3,3,1,3
2/2/2023 7:20:30,Sola de vega oax.1 d febrero 2023,Farmacia cristo rey,Medicina y perfumeria,Reforma 8,9515740060,Mifarmaciacristorey@gmail.com,Sí,Muy importante,a) Empleado autónomo independiente.,2. Mantendrá estable su capital,3. Muy positivo,1.Competencia en los servicios,,0,1,0,0,0,,,,2,1,,,,.,.,.,.,.,.,.,.,.,.,,Sí,,,,,,,,,,,,,,,,,,,,,,
2/2/2023 10:52:09,Santo Domingo TEOJOMULCO ,Instituto nacional de los pueblos indígenas ,Servicio público ,El acahual sin número Santo Domingo TEOJOMULCO ,9512295556,csantosp@inpi.gob.mx,Sí,Muy importante,b) Empleado asalariado con contrato laboral fijo o eventual.,2. Mantendrá estable su capital,1. Con algunos problemas,2.Falta de entrenamiento en los empleados,1. Contratará personas especializadas en contaduría Pública,1,1,1,1,,0,0,0,1,2,1,1,0,.,.,.,.,,.,.,.,.,.,,Sí,Microsoft ,Sí,Es personal de la región ,Educación media superior,Educación media superior,,,,,,,"Supervisor del área de contabilidad, Cooordinador de contraloría interna",1,1,,,,,,,,
2/2/2023 11:20:06,Santos reyes NOPALA ,Banco azteca ,Financiero ,Av Hidalgo sn,954 127  2731,loisgpe@outlook.com,No,Muy importante,b) Empleado asalariado con contrato laboral fijo o eventual.,1.Tenderá a crecer,3. Muy positivo,1.Competencia en los servicios,4. No sabe,0,0,0,1,1,0,0,0,1,1,,,,.,.,.,.,.,.,.,,,,,No,Ninguno,No,No tenemos espacio ,Educación Inicial,,Educación media superior,,,,,,Coordinador de auditoria,2,3,3,2,2,3,3,2,3,3
2/2/2023 11:39:09,"Ocotlan de Morelos Oaxaca, febrero,02,2023",Danny's Merceria ,Merceria,20 de noviembre S/N,9514662866,,No,De regular importancia,c) Empleado asalariado sin contrato laboral.,2. Mantendrá estable su capital,4. No sabe,1.Competencia en los servicios,4. No sabe,1,1,2,0,0,0,0,0,1,1,0,0,0,.,.,,.,.,.,.,,.,,,Sí,SICAR,No,,,,,,,,,,Coordinador de costos,1,1,3,2,1,1,2,10,10,2
2/2/2023 12:16:15,2/02/23 Villa Sola de Vega,Accesorios y Novedades Cris,"Bisuteria, lencería ",Calle Guerrero Sola de Vega S/N,9513474432,Cristalyc14@gmail.com,No,Importante,a) Empleado autónomo independiente.,4. Crecerá su capital entre un 10-20%,3. Muy positivo,1.Competencia en los servicios,4. No sabe,1,0,0,0,0,0,0,1,1,1,0,0,0,.,.,.,.,.,.,.,.,.,,,No,,Sí,Para brinda capacitación y experiencia ,Educación secundaria,,,,,,,,"Supervisor del área de contabilidad, Coordinador de costos, Coordinador de administración de personal",1,2,2,1,,1,1,3,,
2/2/2023 12:24:23,Sola de Vega     02-02-23,Abarrotes lucy ,Minorista,Francisco I madero ezquina independencia,9512391676,No tiene,No,Muy importante,a) Empleado autónomo independiente.,2. Mantendrá estable su capital,4. No sabe,1.Competencia en los servicios,4. No sabe,0,1,0,0,0,0,0,0,0,1,0,0,0,.,.,.,.,.,.,.,.,.,.,,No,No aplica,Sí,Para llevar un control del negocio,Educación superior nivel Técnico,Educación superior nivel Técnico,Educación superior nivel Técnico,Educación superior nivel Técnico,Educación superior nivel Técnico,Educación superior nivel Técnico,Educación superior nivel Técnico,Educación superior nivel Técnico,"Supervisor del área de contabilidad, Coordinador en el área de finanzas, Coordinador de costos",2,2,2,3,2,3,1,3,4,2
2/2/2023 12:30:55,San José la Garzona 2/2/2023,Miscelánea Muñoz ,,Privada de Carranza #8,9513054545,umunozrodriguez@gmail.com,No,Muy importante,c) Empleado asalariado sin contrato laboral.,5. No sabe,4. No sabe,1.Competencia en los servicios,1. Contratará personas especializadas en contaduría Pública,0,1,3,1,4,1,0,1,2,2,1,1,1,,.,,,,.,,,,,,No,Ninguno ,No,"Esta muy lejos el lugar 
",Educación primaria,Doctorado,Doctorado,Doctorado,Doctorado,Doctorado,Doctorado,Doctorado,Supervisor del área de contabilidad,2,2,2,2,2,2,2,2,2,2
2/2/2023 12:31:54,"3 de enero de 2023, villa sola de vega",Sazón del Oso,Restaurante_Bar,"Benito Juárez 16, villa sola de vega oaxaca",9516402080,Eduardo_quiroz13@hotmail.com,Sí,Muy importante,a) Empleado autónomo independiente.,3.Crecerá su capital más del 20%,3. Muy positivo,1.Competencia en los servicios,4. No sabe,1,0,1,1,0,0,0,0,2,0,0,0,0,.,.,.,.,.,.,.,.,.,.,,No,,Sí,,,,,,,,,,"Supervisor del área de contabilidad, Cooordinador de contraloría interna, Coordinador de auditoria, Coordinador en el área de finanzas, Coordinador de costos, Asesor fiscal y  contable, Coordinador de administración de personal",,4,,4,,,,4,,
2/2/2023 12:38:14,Santa Maria Zaniza,"Tienda de abarrotes ""Lopez""",,"Centro,calle independecia,S/N",No aplica ,No aplica,No,Importante,a) Empleado autónomo independiente.,4. Crecerá su capital entre un 10-20%,2. Más o menos positivo,1.Competencia en los servicios,3. Mantendrá el mismo número de empleados,0,0,0,0,2,0,0,0,2,1,0,0,0,.,.,.,.,.,.,.,.,.,.,,No,No aplica,No,No cuento con los recuros suficientes ,Educación superior nivel Técnico,Educación superior nivel Técnico,Educación superior nivel Técnico,Educación superior nivel Técnico,Educación superior nivel Técnico,Educación superior nivel Técnico,Educación superior nivel Técnico,Educación superior nivel Técnico,"Supervisor del área de contabilidad, Cooordinador de contraloría interna, Coordinador en el área de finanzas, Coordinador de costos, Asesor fiscal y  contable, Coordinador de administración de personal",4,8,2,,,,,,,
2/2/2023 12:40:56,02 -02- 2023,AURELIO MENDOZA Y ASOCIADOO,DESPACHO CONTABLE,"SANTOS REYES NOPALA, OAXACA.",,,Sí,Muy importante,c) Empleado asalariado sin contrato laboral.,1.Tenderá a crecer,2. Más o menos positivo,1.Competencia en los servicios,1. Contratará personas especializadas en contaduría Pública,1,1,,,,,,,,1,,,,.,,,.,,.,,.,.,.,,Sí,,No,,Educación superior nivel Técnico,Educación superior nivel Técnico,,,,,Educación superior nivel Técnico,,"Supervisor del área de contabilidad, Coordinador de auditoria, Coordinador en el área de finanzas, Asesor fiscal y  contable",,3,3,,,3,,3,3,
2/2/2023 12:43:01,27 de dic de 2023/,Municipios de Santa Ana Tlapacoyac,Gobierno,,,,No,Muy importante,,2. Mantendrá estable su capital,2. Más o menos positivo,"4. Financieros: créditos, deudas, etc.",1. Contratará personas especializadas en contaduría Pública,1,0,0,0,0,0,0,0,0,3,1,0,0,,,,,,,,,.,.,,No,,No,,,,,,,,,,Coordinador en el área de finanzas,7,8,8,8,,8,2,9,2,8
2/2/2023 12:44:26,06 de enero de 2023,Municipio de San Lorenzo Texmelucan,Gobierno,Calle Principal S/N,9512434183,,Sí,Muy importante,b) Empleado asalariado con contrato laboral fijo o eventual.,2. Mantendrá estable su capital,3. Muy positivo,1.Competencia en los servicios,3. Mantendrá el mismo número de empleados,4,2,0,0,2,0,1,1,0,2,0,0,0,.,.,.,,.,,.,.,.,.,,Sí,CONTPAQ ,Sí,,Educación superior nivel Técnico,,Educación superior nivel Técnico,Educación superior nivel Técnico,,,Educación superior nivel Técnico,,"Coordinador de auditoria, Coordinador en el área de finanzas, Asesor fiscal y  contable",8,8,9,8,9,9,7,10,7,10
2/2/2023 12:44:47,"Santa maria zaniza,Sola de vega ,Oaxaca.A 2 de febrero del 2023","Ferreteria""Jimenez""",,"Centro,calle independencia,S/N",No aplica ,No aplica,No,Muy importante,a) Empleado autónomo independiente.,3.Crecerá su capital más del 20%,2. Más o menos positivo,1.Competencia en los servicios,1. Contratará personas especializadas en contaduría Pública,0,1,0,0,0,0,0,0,0,1,0,0,0,.,.,.,.,.,.,.,.,.,.,,No,No aplica,Sí,Por que me interesaria mucho ,Educación superior nivel Técnico,Educación superior nivel Técnico,Educación superior nivel Técnico,Educación superior nivel Técnico,Educación superior nivel Técnico,Educación superior nivel Técnico,Educación superior nivel Técnico,,"Cooordinador de contraloría interna, Coordinador de auditoria, Coordinador en el área de finanzas, Coordinador de costos, Coordinador de administración de personal",8,9,6,,9,9,8,9,10,9
2/2/2023 12:45:31,San Pablo Cuatro Venados  a 01/02/23,Abarrotes Jesus,Encuesta ,San Pablo Cuatro Venados ,616 1123958,maryrehe16@gmail.com ,No,Importante,a) Empleado autónomo independiente.,5. No sabe,2. Más o menos positivo,1.Competencia en los servicios,4. No sabe,0,1,0,0,0,0,0,0,1,1,0,0,0,,.,,.,,,,,.,.,,No,Ninguno,No,Falta de ingresos ,,Educación superior nivel Técnico,,,,,,,"Cooordinador de contraloría interna, Coordinador de costos",1,1,1,1,1,1,1,1,1,1
2/2/2023 12:47:50,"19 de Julio de 2002, cerro flor, santa María Tlanalquiahuitl Santa cruz Zenzentepec ",Edificaciones y proyectos el patio ,Venta de materiales petrio,"Domicilio conocido,santa cruz Zenzentepec, sola de Vega, Oaxaca ",9542022687,idaliaguillermo10@gmail.com,Sí,Muy importante,a) Empleado autónomo independiente.,2. Mantendrá estable su capital,3. Muy positivo,1.Competencia en los servicios,3. Mantendrá el mismo número de empleados,0,0,0,0,,0,0,0,0,0,0,0,,,.,,,,.,.,,.,,,Sí,Basico,No,No lo necesito,,,,,,,,,Coordinador en el área de finanzas,1,1,1,,,1,,1,1,1
2/2/2023 12:48:47,"02 de febrero de 2023, Villa Sola de Vega",Marisquería El Pulpo,Servicios,Porfirio Diaz s/n Barrio Santa Anita,9511786609,,Sí,Muy importante,a) Empleado autónomo independiente.,1.Tenderá a crecer,3. Muy positivo,2.Falta de entrenamiento en los empleados,3. Mantendrá el mismo número de empleados,0,0,0,2,,,,2,,,,,,,,,.,,.,.,,.,.,,No,,Sí,Para dar empleo,,Educación superior nivel Técnico,,,,,,,"Supervisor del área de contabilidad, Coordinador en el área de finanzas, Asesor fiscal y  contable",1,1,1,1,1,2,1,2,1,1
2/2/2023 12:49:37,San Pablo cuatro Venados a 02/02/2023,Comedor de truchas ,Giro de servicios ,San Pablo cuatro Venados la Neveria ,9513414823,lopezluisauriaisela@gmail.com,No,Muy importante,c) Empleado asalariado sin contrato laboral.,5. No sabe,2. Más o menos positivo,1.Competencia en los servicios,1. Contratará personas especializadas en contaduría Pública,3,1,2,2,0,0,0,0,3,1,0,0,0,.,.,.,.,.,.,.,.,.,.,.,No,No aplica,Sí,,,Educación primaria,,Maestría,,,,,"Supervisor del área de contabilidad, Cooordinador de contraloría interna, Coordinador de auditoria, Coordinador en el área de finanzas, Coordinador de costos, Asesor fiscal y  contable, Coordinador de administración de personal",,,,,,,,,,
2/2/2023 12:50:23,04 07 1990,Juguetería viveros ,Comercial ,Carretera internacional con la esquina de jacarandas ,9511993342,ambrosioviverosmejia@gmail.com,No,Muy importante,c) Empleado asalariado sin contrato laboral.,2. Mantendrá estable su capital,4. No sabe,1.Competencia en los servicios,3. Mantendrá el mismo número de empleados,,,0,,,,,0,,,,,,,,.,,,,,,,,,No,,Sí,Para que estudie más los govenes ,Educación primaria,,,,,,,,Supervisor del área de contabilidad,1,,,,,,,,,
2/2/2023 12:50:51,23 de diciembre 2022,Municipio de Villa Sola de Vega,Municipio,No contestó,No contestó,No contestó,Sí,Muy importante,c) Empleado asalariado sin contrato laboral.,5. No sabe,4. No sabe,1.Competencia en los servicios,4. No sabe,2,3,Más de 5,0,,0,2,3,4,5,1,,,,.,,.,,.,.,.,.,,,Sí,No contestó,Sí,Para hacer equipo,Educación media superior,Educación media superior,Educación media superior,Educación media superior,Educación media superior,Educación media superior,,,"Supervisor del área de contabilidad, Coordinador de auditoria, Coordinador de costos, Asesor fiscal y  contable",2,10,10,10,10,10,10,5,5,2
2/2/2023 12:52:42,Villa Sola de Vega 02/02/2023,Abarrotes Alain,,San Francisco ,9514600303,mariaconcepcionrh03004@gmail.com,No,Muy importante,a) Empleado autónomo independiente.,2. Mantendrá estable su capital,3. Muy positivo,5. Tecnológicos: falta de competitividad,1. Contratará personas especializadas en contaduría Pública,1,1,1,1,,0,0,0,1,1,2,2,,,.,.,.,.,.,,.,.,.,,No,0,Sí,Creo sería un buen inicio ,Educación primaria,"Educación superior nivel Técnico, Maestría","Educación superior nivel Técnico, Maestría","Educación superior nivel Técnico, Maestría, Doctorado",Educación superior nivel Técnico,Educación superior nivel Técnico,"Educación superior nivel Técnico, Doctorado",Educación superior nivel Técnico,Supervisor del área de contabilidad,2,2,2,2,2,2,2,2,2,2
2/2/2023 12:55:24,"San Ildefonso sola de Vega ,a 2 de febrero del 2023",Juquilita ,"Abarrotes, papelería y novedades ","Calle Hidalgo, camino a San Juan c.p 71480",5549457649,maricela_2208@hotmail.com,No,De regular importancia,a) Empleado autónomo independiente.,1.Tenderá a crecer,3. Muy positivo,1.Competencia en los servicios,4. No sabe,0,0,0,1,0,0,0,0,0,0,0,0,0,,.,.,.,,.,,.,.,,,No,,No,"Apenas voy comenzando, tal vez en un futuro que ya esté más establecido mi negocio y ya esté bien acreditado entonces ya estaría en la disposición de contratar a alguien que me ayude con la contabilidad ",Educación secundaria,,,,Educación superior nivel Técnico,,,,"Supervisor del área de contabilidad, Asesor fiscal y  contable",,3,,,3,3,,3,3,3
2/2/2023 12:57:27,Sola de Vega    02 de febrero 2023,La orquídea solteca ,Flores,Carretera Puerto escondido sin número ,9513100882,naranjitosibaja@gmail.com,No,Nada importante,a) Empleado autónomo independiente.,3.Crecerá su capital más del 20%,4. No sabe,"4. Financieros: créditos, deudas, etc.",4. No sabe,0,0,0,2,0,2,2,2,2,2,2,2,2,,,.,,,,,,,,,No,,No,Nunca lo e echo ,,,,,,,,,Coordinador en el área de finanzas,1,1,,,,,,,,
2/2/2023 12:58:14,"San Miguel Mixtepec, Zimatlan. Oaxaca","Deposito ""Los 3 Reyes""",Venta de bebidas al mayoreo y menudeo,Calle Guerrero S/N,,,No,Muy importante,a) Empleado autónomo independiente.,1.Tenderá a crecer,2. Más o menos positivo,3. Problemas con los clientes,1. Contratará personas especializadas en contaduría Pública,1,1,,1,,0,0,0,1,1,1,1,,,.,,.,.,.,.,,.,.,,No,,Sí,Seria una gran oportunidad para que apoye al negocio que esta en marcha,,Educación superior nivel Técnico,Educación superior nivel Técnico,,Educación superior nivel Técnico,,,Educación superior nivel Técnico,"Coordinador en el área de finanzas, Asesor fiscal y  contable",3,3,3,3,3,3,2,1,1,1
2/2/2023 13:10:11,27 de diciembre de 2022,BIENESTAR ,Gobierno,No contestó,No contestó,No contestó ,No,Nada importante,c) Empleado asalariado sin contrato laboral.,5. No sabe,3. Muy positivo,1.Competencia en los servicios,4. No sabe,0,0,0,0,,,,,,0,,,,.,.,.,.,.,.,.,.,.,.,,Sí,Excel,Sí,Por que no se tiene en las instalaciones ,Educación superior nivel Técnico,"Educación superior nivel Técnico, Maestría",Maestría,Educación superior nivel Técnico,Educación superior nivel Técnico,Educación superior nivel Técnico,Educación superior nivel Técnico,Educación superior nivel Técnico,Supervisor del área de contabilidad,10,8,2,10,3,2,2,3,3,2
2/2/2023 13:11:01,Villa Sola de vega a 02 de febrero de 2023,Casa agricola el seed ,Agroservicios ,Calle reforma #14,9514752385,cultivandosuenos.sv@gmail.com,Sí,Muy importante,a) Empleado autónomo independiente.,1.Tenderá a crecer,3. Muy positivo,1.Competencia en los servicios,4. No sabe,2,2,2,2,2,,,1,1,2,2,2,,,.,.,,.,.,,,.,,,No,,No,Ya contamos con el personal adecuado,,,,,,,,,,,,,,,,,,,
2/2/2023 13:12:20,02 febrero 2023,Abarrotes el Charrito,Abarrotes,Reforma esquina independencia ,9511038788,rosa140585@gmail.com ,Sí,Muy importante,b) Empleado asalariado con contrato laboral fijo o eventual.,1.Tenderá a crecer,3. Muy positivo,1.Competencia en los servicios,3. Mantendrá el mismo número de empleados,,,,2,,1,1,1,2,3,3,3,,,,,,,,,,.,,,No,,No,Por el mento no,,,,,,,,,,,,,,,,,,,
2/2/2023 13:14:26,Villa Sola de Vega ,Modas el vaquero ,Venta de ropa,Sola se Vega,9511067819,conyrys46@hotmail.com,No,Importante,a) Empleado autónomo independiente.,2. Mantendrá estable su capital,3. Muy positivo,1.Competencia en los servicios,3. Mantendrá el mismo número de empleados,2,2,2,2,,2,2,2,2,2,2,2,,.,.,.,.,.,.,.,.,.,.,.,No,,Sí,,"Educación superior nivel Técnico, Maestría","Educación superior nivel Técnico, Maestría","Educación superior nivel Técnico, Maestría","Educación superior nivel Técnico, Maestría","Educación superior nivel Técnico, Maestría",Maestría,Educación superior nivel Técnico,"Educación superior nivel Técnico, Maestría","Supervisor del área de contabilidad, Cooordinador de contraloría interna, Coordinador de auditoria, Coordinador en el área de finanzas, Coordinador de costos, Asesor fiscal y  contable, Coordinador de administración de personal",10,9,8,8,7,7,,7,8,8
2/2/2023 13:19:23,"El Tlacuache, San Pedro el Alto ",Tienda de abarrotes Juquilita ,,El Tlacuache San Pedro el Alto ,9514336668,,No,Muy importante,c) Empleado asalariado sin contrato laboral.,1.Tenderá a crecer,1. Con algunos problemas,1.Competencia en los servicios,1. Contratará personas especializadas en contaduría Pública,1,2,2,2,0,1,1,1,2,2,4,4,4,.,.,,.,,.,.,.,.,.,.,No,,Sí,Porque en la comunidad no se cuenta con ellos ,,Doctorado,Doctorado,Doctorado,Doctorado,Doctorado,Doctorado,Doctorado,"Supervisor del área de contabilidad, Coordinador de auditoria, Coordinador en el área de finanzas, Coordinador de costos, Asesor fiscal y  contable, Coordinador de administración de personal",2,2,2,2,3,3,2,3,3,3
2/2/2023 13:19:51,San Francisco Sola,H. Ayuntamiento San Francisco Sola,Pública ,Domicilio conocido San Francisco Sola ,9515740148,No aplica ,Sí,Muy importante,a) Empleado autónomo independiente.,1.Tenderá a crecer,2. Más o menos positivo,"4. Financieros: créditos, deudas, etc.",1. Contratará personas especializadas en contaduría Pública,2,2,0,0,0,2,2,2,2,2,2,3,2,,,.,,.,.,,.,,.,,Sí,Excel ,Sí,Por qué tienen ya la capacidad de trabajar ,,Educación superior nivel Técnico,,,Educación superior nivel Técnico,Educación superior nivel Técnico,,,"Supervisor del área de contabilidad, Coordinador en el área de finanzas",2,2,2,2,2,2,2,2,,2
2/2/2023 13:20:28,Sola de Vega Oaxaca a 02 de febrero de 2023,Ferro - Materiales del Sur,Ventas de materias para construcción y herramientas. ,"Calle Independencia número 35, Villa Sola de Vega. ",9511845922,licsantamaria@live.com,No,Importante,c) Empleado asalariado sin contrato laboral.,2. Mantendrá estable su capital,4. No sabe,"4. Financieros: créditos, deudas, etc.",1. Contratará personas especializadas en contaduría Pública,1,1,1,1,1,0,0,0,1,1,1,1,,.,.,.,.,.,.,.,.,.,.,.,Sí,DEES PUNTO DE VENTA,Sí,Para el crecimiento de la empresa,Educación superior nivel Técnico,Educación superior nivel Técnico,Educación superior nivel Técnico,Educación superior nivel Técnico,Educación superior nivel Técnico,Educación superior nivel Técnico,Educación superior nivel Técnico,Educación superior nivel Técnico,"Supervisor del área de contabilidad, Cooordinador de contraloría interna, Coordinador de auditoria, Coordinador en el área de finanzas, Coordinador de costos, Asesor fiscal y  contable, Coordinador de administración de personal",1,3,2,2,6,3,5,5,10,1
2/2/2023 13:21:53,"Villa Sola de Vega, 02 de febrero del 2023",Tienda de abarrotes ,Comercial,San Pedro el Alto ,9513247747,dz9058916@gmail.com,Sí,Muy importante,b) Empleado asalariado con contrato laboral fijo o eventual.,3.Crecerá su capital más del 20%,2. Más o menos positivo,2.Falta de entrenamiento en los empleados,1. Contratará personas especializadas en contaduría Pública,1,3,1,1,0,,,,2,3,3,1,0,,.,.,.,.,.,.,.,.,.,,Sí,Invewin,Sí,Por qué existen jóvenes egresados de la comunidad y por qué tienen capacidades de hacer cosas buenas ,,Educación superior nivel Técnico,Maestría,Educación superior nivel Técnico,Maestría,Educación superior nivel Técnico,Maestría,Educación superior nivel Técnico,"Supervisor del área de contabilidad, Coordinador en el área de finanzas, Coordinador de administración de personal",2,3,1,2,1,3,4,3,2,1
2/2/2023 13:26:02,El Arador San Lorenzo Texmelucan Sola de Vega ,Productos de Barro Sabina ,Elaboración de comal es de barro ,Tierra Blanca s/n El Arador San Lorenzo Texmelucan Sola de Vega Oax,9512332202,Son correo ,No,De regular importancia,a) Empleado autónomo independiente.,4. Crecerá su capital entre un 10-20%,2. Más o menos positivo,1.Competencia en los servicios,4. No sabe,0,1,4,1,0,0,2,2,2,2,0,0,0,.,.,,.,.,.,,.,.,.,,No,Ninguno ,No,No es de mucha importancia ,,"Educación media superior, Educación superior nivel Técnico",Educación media superior,Educación media superior,Educación media superior,Educación superior nivel Técnico,Educación superior nivel Técnico,Educación superior nivel Técnico,"Supervisor del área de contabilidad, Coordinador en el área de finanzas, Coordinador de costos",5,5,5,5,5,5,5,5,5,5
2/2/2023 13:32:45,Tempoal veracruz 02 de enero 2023,Sembrando vida ,Agroindustrial ,Tempoal Veracruz ,9513473114,medinaliliana055@gmail.com,No,Importante,b) Empleado asalariado con contrato laboral fijo o eventual.,5. No sabe,2. Más o menos positivo,5. Tecnológicos: falta de competitividad,4. No sabe,,1,1,1,,,,,,1,,,,,.,.,.,,.,.,.,.,.,,No,,No,,Educación primaria,,,,,,,Educación primaria,"Supervisor del área de contabilidad, Coordinador de auditoria, Coordinador de costos",,,,,,,,,,
2/2/2023 13:33:52,Sola de Vega Oaxaca ,Mundo piñata ,Entretenimiento ,Mercado municipal sola de Vega ,9513071025,,No,Importante,a) Empleado autónomo independiente.,1.Tenderá a crecer,3. Muy positivo,1.Competencia en los servicios,4. No sabe,1,1,1,,,,,,1,1,,,,.,,,,.,,.,,,,,No,,Sí,Considero importante llevar una buena contabilidad dentro de una empresa en crecimiento ,,Educación media superior,,,Educación media superior,,,,Supervisor del área de contabilidad,,1,,,,,1,1,2,1
2/2/2023 13:34:11,Asunción cacalotep mixe 02/02/23,La Asuncion ,,Asuncion Cacalotepec mixe, 951 256 4034,rubihernandez1535@gmail.com,No,Importante,c) Empleado asalariado sin contrato laboral.,5. No sabe,4. No sabe,1.Competencia en los servicios,3. Mantendrá el mismo número de empleados,2,1,2,2,1,2,3,3,3,3,3,3,3,,.,,.,,.,,.,.,.,,No,,Sí,Sería una gran. Oportunidad para otros jóvenes ,Educación secundaria,Educación secundaria,Educación secundaria,Educación secundaria,Educación secundaria,Educación secundaria,Educación secundaria,Educación secundaria,"Supervisor del área de contabilidad, Coordinador de administración de personal",3,2,3,4,3,3,3,2,3,3
2/2/2023 13:35:00,29 de diciembre 2022,Los Cazadores ,Alimentos y Bebidas,Carretera Pto.  Escondido Km 132 ,9511312254,punteck@gmail.com ,Sí,Muy importante,a) Empleado autónomo independiente.,1.Tenderá a crecer,3. Muy positivo,2.Falta de entrenamiento en los empleados,3. Mantendrá el mismo número de empleados,1,1,1,0,Más de 5,0,0,4,1,,1,,1,.,.,,,,.,.,.,.,.,,No,No contestó,No,Llevamos muchos años con el actual contador y ha funcionado muy  bien. ,,,,,,,,,Supervisor del área de contabilidad,,2,1,2,,,,,,1
2/2/2023 13:38:33,Sola de vega oax.a 02 de febrero del 2023,Mini super el peregrino,abarrotes,Carretera puerto escondido .centro,9514931666,enriquejerryg@gmail.com,No,Importante,a) Empleado autónomo independiente.,1.Tenderá a crecer,3. Muy positivo,1.Competencia en los servicios,1. Contratará personas especializadas en contaduría Pública,0,1,0,1,0,0,0,0,0,1,0,0,0,.,,,.,,.,.,,.,,,Sí,Eleventa,Sí,Para estar mas capacitado y llevar un mejor control de mi pequeña empresa.,,Educación superior nivel Técnico,,,Total,,Total,Educación superior nivel Técnico,"Cooordinador de contraloría interna, Coordinador de administración de personal",,1,,1,,,,1,1,
2/2/2023 13:40:31,31 de diciembre de 2022,Materiales San Pedro,Comercio,Carretera Pto. Escondido.,954865059,No contestó,Sí,Muy importante,c) Empleado asalariado sin contrato laboral.,1.Tenderá a crecer,2. Más o menos positivo,1.Competencia en los servicios,3. Mantendrá el mismo número de empleados,1,1,1,1,1,,1,1,1,1,,,,,,,,,,.,.,.,.,,No,,No,Porque es muy pequeña la empresa,,,,,,,,,Supervisor del área de contabilidad,,,1,,1,,,,,
2/2/2023 13:44:14,29 de diciembre de 2024,DICONSA SA DE CV,GOBIERNO,SAN PEDRO JUCHATENGO KM 153,9512489566,Sub_juchatengo@diconsa.gob .mx,No,Nada importante,b) Empleado asalariado con contrato laboral fijo o eventual.,3.Crecerá su capital más del 20%,3. Muy positivo,3. Problemas con los clientes,3. Mantendrá el mismo número de empleados,,,,,Más de 5,,6 o más.,,,3,,,,,.,,,,,,,.,,,No,,Sí,,,,,,,,,,,,,,,,,,,,
2/2/2023 13:58:33,San Rosa de Lima san Juan Lachao   02/02/23,"Taqueria ""Las gemelas""",venta de comida (tacos) y bebidas,santa rosa de lima san juan lachao,9541540733,elyel_08@outlook.com,No,Muy importante,a) Empleado autónomo independiente.,1.Tenderá a crecer,3. Muy positivo,1.Competencia en los servicios,3. Mantendrá el mismo número de empleados,0,1,1,1,0,0,0,0,1,1,0,0,0,.,.,.,.,.,.,.,.,.,.,,No,ninguno,Sí,"para aprender de los conocimientos de los alumnos, y aplicar estos estos conocimientos en el negocio para que mejore",,Educación superior nivel Técnico,Educación superior nivel Técnico,Maestría,Maestría,Educación superior nivel Técnico,Educación superior nivel Técnico,Educación superior nivel Técnico,"Supervisor del área de contabilidad, Coordinador de auditoria, Coordinador en el área de finanzas, Coordinador de costos, Asesor fiscal y  contable",3,5,4,5,4,7,6,6,8,8
2/2/2023 13:59:14,Sola de vega 02 de febrero del 2023,Zapateria Leon,venta de calzado ,Centro sola de vega ,9511786479,Marisolmerced140991@hotmail.com,No,Importante,a) Empleado autónomo independiente.,5. No sabe,3. Muy positivo,1.Competencia en los servicios,4. No sabe,,,0,,3,0,0,,1,1,,,,.,.,,,,.,.,,.,,,No,Ninguno,No,Por el momento no ,,Educación media superior,,,,,,,"Supervisor del área de contabilidad, Cooordinador de contraloría interna, Coordinador de auditoria, Coordinador en el área de finanzas, Coordinador de costos, Asesor fiscal y  contable",,,,,,,,1,,
2/2/2023 14:05:36,1 de febrero del 2023,Miselanea Heredia,Publico,Francisco I Madero,9515234019,heredia.rosa9876@gmail.com,No,Importante,a) Empleado autónomo independiente.,2. Mantendrá estable su capital,2. Más o menos positivo,1.Competencia en los servicios,4. No sabe,0,0,0,1,0,0,1,2,2,2,5,5,0,,,.,,,,,,,,,No,No ,No,No conozco a la universidad ,,Educación Inicial,,,,Educación Inicial,,,Coordinador de costos,1,2,2,1,,1,1,2,1,1
2/2/2023 14:06:13,Villa Sola De Vega Oaxaca a 2 de febrero de 2023,Pastelería Mago ,Alimentos ,5 de Mayo  número ,9515740159,Adali50mendez@gmail.com ,Sí,Muy importante,a) Empleado autónomo independiente.,1.Tenderá a crecer,3. Muy positivo,"4. Financieros: créditos, deudas, etc.",4. No sabe,1,1,2,2,,,,,,3,,,,.,.,.,.,.,.,.,.,.,.,,No,,No,Porque ya contamos con un contador ,Educación superior nivel Técnico,Educación superior nivel Técnico,Educación superior nivel Técnico,Educación superior nivel Técnico,Educación superior nivel Técnico,Educación superior nivel Técnico,Educación superior nivel Técnico,Educación superior nivel Técnico,"Supervisor del área de contabilidad, Cooordinador de contraloría interna, Coordinador de auditoria, Coordinador en el área de finanzas, Coordinador de costos, Asesor fiscal y  contable, Coordinador de administración de personal",3,3,3,2,2,4,3,2,2,2
2/2/2023 14:06:16,VILLA SOLA DE VEGA. 2/02/2023,CARNICERIA ROJAS ,...,INDEPENDENCIA ESQUINA CON REFORMA,9516093572,mikeang899@gmail.com,Sí,Muy importante,a) Empleado autónomo independiente.,1.Tenderá a crecer,3. Muy positivo,1.Competencia en los servicios,4. No sabe,2,2,4,3,3,0,0,0,0,3,2,1,2,.,.,.,.,.,.,.,.,.,.,.,No,NINGUNO,No,...,Educación superior nivel Técnico,"Educación superior nivel Técnico, Maestría",Maestría,Maestría,Maestría,Educación superior nivel Técnico,Educación superior nivel Técnico,Educación superior nivel Técnico,"Supervisor del área de contabilidad, Cooordinador de contraloría interna, Coordinador de auditoria, Coordinador en el área de finanzas, Coordinador de costos, Asesor fiscal y  contable, Coordinador de administración de personal",9,8,7,8,7,7,7,7,8,8
2/2/2023 14:06:37,,,,,,,,,,,,,,,,,,,,,,,,,,,,,,,,,,,,,,,,,,,,,,,,,,,,,,,,,,,,
2/2/2023 14:07:23,San Juan Juquila Mixes a 02 de Febrero de 2023,"Agencia Municipal de Guadalupe Victoria, San Juan Juquila Mixes.",Público ,Domicilio conocido centro,9515922784,berecarlos637@gmail.com,No,Muy importante,c) Empleado asalariado sin contrato laboral.,5. No sabe,2. Más o menos positivo,5. Tecnológicos: falta de competitividad,1. Contratará personas especializadas en contaduría Pública,0,2,0,0,0,0,0,0,1,1,0,0,0,.,.,.,.,.,.,.,.,.,.,.,No,No utilizó ,Sí,Me gustaría tener un vínculo para captar más profesionistas para tener un control en mi agencia,"Educación Inicial, Educación media superior","Educación Inicial, Educación superior nivel Técnico",Educación superior nivel Técnico,Educación superior nivel Técnico,Educación superior nivel Técnico,Educación superior nivel Técnico,Educación superior nivel Técnico,Educación superior nivel Técnico,"Supervisor del área de contabilidad, Cooordinador de contraloría interna, Coordinador de auditoria, Coordinador en el área de finanzas, Coordinador de costos, Asesor fiscal y  contable",5,6,4,6,6,6,5,3,7,7
2/2/2023 14:27:40,"VILLA SOLA DE VEGA, OAXACA A 02 DE FEBRERO DEL 2023",HAMBURGUESAS TORTUGUITAS ,Comercio ,CARRETERA A PUERTO ESCONDIDO ,9515040446,mili_sagy@hotmail.com,Sí,Importante,a) Empleado autónomo independiente.,4. Crecerá su capital entre un 10-20%,2. Más o menos positivo,5. Tecnológicos: falta de competitividad,3. Mantendrá el mismo número de empleados,0,1,2,0,0,0,0,1,1,1,0,0,0,.,.,.,.,.,.,.,.,.,.,,No,,Sí,Para brindar oportunidades ,,Educación superior nivel Técnico,,,,,,,Asesor fiscal y  contable,,1,3,,,,,,1,
2/2/2023 15:02:01,San Ildefonso sola a 2 de febrero 2023,Pirotecnia San Ponchito ,Coheteria ,Calle colon s/n centro San Ildefonso ,9511192054,yahirangeles125@gmail.com,Sí,Importante,c) Empleado asalariado sin contrato laboral.,1.Tenderá a crecer,2. Más o menos positivo,2.Falta de entrenamiento en los empleados,4. No sabe,0,1,1,0,,2,2,2,2,2,2,2,,,,.,,,,.,,.,,,No,,Sí,,,,,,,,,,Supervisor del área de contabilidad,,,,,,,,,,
2/2/2023 15:07:49,"Santa María Zaniza, Sola de Vega, Oaxaca a 02 de febrero del 2023",Casa Vasquez ,Ferretería ,Centro Santa María Zaniza ,9515809030,casavasquez2012@gmail.com,No,Importante,a) Empleado autónomo independiente.,1.Tenderá a crecer,2. Más o menos positivo,"4. Financieros: créditos, deudas, etc.",4. No sabe,0,0,0,2,1,0,0,1,2,3,0,0,0,.,.,.,.,.,.,.,,.,.,.,No,Ninguno,Sí,Para llevar un control de las finanzas ,Educación media superior,Educación superior nivel Técnico,Educación media superior,"Educación superior nivel Técnico, Maestría",Maestría,Educación superior nivel Técnico,"Educación superior nivel Técnico, Maestría","Educación media superior, Educación superior nivel Técnico","Supervisor del área de contabilidad, Cooordinador de contraloría interna, Coordinador de auditoria, Coordinador en el área de finanzas",8,7,7,8,9,8,8,9,10,8
2/2/2023 15:11:13,02 febrero 2023 en sola de Vega Oaxaca ,Deposito el puente ,Mercantil ,Calle Hidalgo#1 en San Ildefonso sola,5535893932,benitovadillo79@gmail.com,No,Importante,a) Empleado autónomo independiente.,1.Tenderá a crecer,3. Muy positivo,1.Competencia en los servicios,4. No sabe,0,1,0,1,1,0,,,0,0,0,0,0,,,,,,,,.,,,,No,,Sí,Para que me alluden con la contabilidad ,,Educación Inicial,,,,,,,Supervisor del área de contabilidad,,,,,,,,1,,
2/2/2023 15:14:34,"Sola de Vega, 02 de febrero de 2023",Distribuidor Telcel ,"Venta de equipos celulares, accesoruos y pago de servicios",Carretera Pto. Escondido ,951 128 5778 ,"Personal: afcallejas01@gmail.com, sin correo de la empresa",Sí,Muy importante,a) Empleado autónomo independiente.,1.Tenderá a crecer,3. Muy positivo,2.Falta de entrenamiento en los empleados,3. Mantendrá el mismo número de empleados,0,1,3,2,,0,0,0,2,3,3,3,,.,,.,.,,,,.,.,,,Sí,Dropbox y Excel ,No,"El problema es que solo tengo la sucursal en Sola de Vega y no estoy regularmente ahí, y no tengo disponibilidad de fecha y horario ",Educación media superior,Educación superior nivel Técnico,Maestría,Educación superior nivel Técnico,Maestría,Educación superior nivel Técnico,Maestría,Maestría,"Supervisor del área de contabilidad, Coordinador en el área de finanzas, Coordinador de costos",5,10,10,10,8,9,9,9,7,10
2/2/2023 15:22:10,Rio Jalapilla San Pablo Cuatro Venados ,Centro recreativo  las peñitas,Giro de servicio ,Rio Jalapilla ,,,No,Importante,a) Empleado autónomo independiente.,1.Tenderá a crecer,3. Muy positivo,1.Competencia en los servicios,2. Contratará personal administrativo,0,0,2,2,0,0,0,1,2,2,0,0,0,.,.,.,.,.,.,.,.,.,.,,No,No aplica ,Sí,Por su  conocimiento y preparación ,Educación media superior,Educación superior nivel Técnico,Educación superior nivel Técnico,Educación superior nivel Técnico,Educación superior nivel Técnico,Educación superior nivel Técnico,Educación superior nivel Técnico,Educación superior nivel Técnico,"Coordinador de auditoria, Coordinador de costos, Asesor fiscal y  contable, Coordinador de administración de personal",,1,,,,1,,2,1,
2/2/2023 16:03:36,San Fernando de Matamoros a 2/02/23,Abarrotes cari,Na,Centro ,9512478162,yuselimargar13012003@gmail.com,No,Importante,a) Empleado autónomo independiente.,1.Tenderá a crecer,1. Con algunos problemas,5. Tecnológicos: falta de competitividad,2. Contratará personal administrativo,1,1,0,3,0,2,2,2,3,3,3,3,3,.,,.,,.,.,.,,,,.,,Ninguno ,No,El negocio no es tan grande ,Educación secundaria,Educación primaria,Educación primaria,Educación secundaria,Educación secundaria,Educación secundaria,Educación secundaria,Educación secundaria,Coordinador de administración de personal,3,3,3,3,4,4,3,4,4,3
2/2/2023 16:05:34,San Gabriel Mixtepec ,Pizzería tres postes ,Venta de pizzas ,Calle Matamoros barrio tres postes  ,9512575331,abihailzaratecanseco1@gmail.com,No,Muy importante,a) Empleado autónomo independiente.,2. Mantendrá estable su capital,3. Muy positivo,1.Competencia en los servicios,2. Contratará personal administrativo,0,1,1,1,,0,0,0,1,2,1,,,,.,,,,,,.,.,,,No,Ninguna ,Sí,Es importante aprender cosas nuevas ,Educación superior nivel Técnico,Educación superior nivel Técnico,Educación superior nivel Técnico,Educación superior nivel Técnico,Educación superior nivel Técnico,Educación superior nivel Técnico,Educación superior nivel Técnico,Educación superior nivel Técnico,Supervisor del área de contabilidad,1,3,3,3,3,3,3,3,3,3
2/2/2023 16:39:20,Santa Maria Zaniza 02/02/2023,Autotransportes Santa María Zaniza,Carga y pasaje,Santa María Zaniza,221 5860698,,Sí,Muy importante,b) Empleado asalariado con contrato laboral fijo o eventual.,5. No sabe,3. Muy positivo,1.Competencia en los servicios,1. Contratará personas especializadas en contaduría Pública,0,0,0,0,,0,0,0,0,0,0,0,0,,,,,,,,,,,.,Sí,,No,No se,,,,,,,,,,1,,,,,,,,,
2/2/2023 18:27:09,"Santa María Zaniza, Sola de Vega, Oaxaca. 2/02/23",Novedades Chema ,Venta de ropa ,"Centro, callé Morelos S/N",951 637 8767,novedadeschema2000@gmail.com,No,Importante,a) Empleado autónomo independiente.,1.Tenderá a crecer,3. Muy positivo,5. Tecnológicos: falta de competitividad,2. Contratará personal administrativo,2,1,2,1,1,1,1,2,3,3,0,0,0,.,.,,.,.,.,.,.,.,.,,No,,Sí,Para poder llevar la contabilidad de mi negocio ,Educación Inicial,Educación primaria,Educación primaria,Educación primaria,Educación primaria,Educación primaria,Educación primaria,Educación primaria,"Supervisor del área de contabilidad, Cooordinador de contraloría interna, Coordinador de auditoria, Coordinador de costos, Asesor fiscal y  contable, Coordinador de administración de personal",2,2,2,2,2,2,2,2,2,2
2/3/2023 8:23:46,El común sección cuarta villa sola de vega. 3 de febrero del 2023,Abarrotes gamo ,Tienda. Abarrotera ,Domicilio conocido. El común sección cuarta ,9511859665,Lauraisela98@icloud.com,No,Importante,a) Empleado autónomo independiente.,1.Tenderá a crecer,3. Muy positivo,1.Competencia en los servicios,2. Contratará personal administrativo,0,1,1,2,0,0,0,1,1,2,2,0,0,.,,,,,.,,,.,,,No,,No,,"Educación secundaria, Educación media superior","Educación secundaria, Educación media superior",,,"Educación secundaria, Educación media superior",Educación media superior,Educación media superior,Educación media superior,"Supervisor del área de contabilidad, Coordinador de auditoria",2,1,1,2,2,1,,1,,
2/3/2023 10:28:58,03 de febrero 2023 Villa Sola de Vega ,Taller Mecanico San Jorge,SERVICIO,Villa Sola de Vega,9513412176,,Sí,Muy importante,a) Empleado autónomo independiente.,1.Tenderá a crecer,3. Muy positivo,5. Tecnológicos: falta de competitividad,1. Contratará personas especializadas en contaduría Pública,,2,,,,,,,,2,,,,,,,,,.,.,,.,.,,No,,Sí,,,,Educación superior nivel Técnico,,,,,,"Supervisor del área de contabilidad, Coordinador en el área de finanzas, Coordinador de costos, Asesor fiscal y  contable",,10,9,9,,,,,,
2/3/2023 11:55:48,"Oaxaca de Juárez, Oax. 03 febrero 2022",Hotel RIVO ,Servicios ,"Carretera Oaxaca-Puerto Escondido Km 130 San Pedro Juchatengo, Oaxaca",9545865057,rivohotel@gmail.com ,Sí,Muy importante,a) Empleado autónomo independiente.,1.Tenderá a crecer,3. Muy positivo,1.Competencia en los servicios,4. No sabe,1,1,1,1,1,1,1,1,1,1,0,0,0,,.,,,.,.,,,,,,Sí,,No,La contabilidad la lleva un departamento externo ,"Educación media superior, Educación superior nivel Técnico",,,,,,,,Coordinador de administración de personal,2,2,2,2,2,2,2,2,2,2
2/3/2023 20:24:30,san pedro juchatengo a 03 de febrero de 2023,hotel rios,servicio de hospedaje,"carr. oaxaca puerto escondido km 131, barrio del carmen, san pedro juchatengo",9541560312,juliorios202123@gmail.com,No,Muy importante,a) Empleado autónomo independiente.,1.Tenderá a crecer,3. Muy positivo,1.Competencia en los servicios,1. Contratará personas especializadas en contaduría Pública,0,1,Más de 5,1,0,,,6 o más.,,,,,,,,.,,,,,,,,,No,esta por contratar el software,Sí,porque se requiere personal capacitado,,,,,,,Educación superior nivel Técnico,,Asesor fiscal y  contable,,,1,,,,,,,
2/3/2023 21:01:01,Villa sola de vega a 03 de febrero del 2020,Servicio de motomandados rapi2 ,Servicio a domicilio ,Calle independencia numero 36 centro ,9514019643,frankv8970@gmail.com,No,Importante,c) Empleado asalariado sin contrato laboral.,3.Crecerá su capital más del 20%,2. Más o menos positivo,1.Competencia en los servicios,2. Contratará personal administrativo,1,,,1,,,1,1,1,1,,,,.,,,,.,.,.,,.,.,,No,,Sí,Porque traenes nuevas y buenas ideas que puede servir para mejorar la empresa ,,Educación Inicial,,,Educación Inicial,,,Educación Inicial,"Supervisor del área de contabilidad, Coordinador en el área de finanzas, Coordinador de costos",,2,1,1,,,,1,1,
2/5/2023 10:28:51,5 de diciembre del 2023 San Miguel sola de Vega,Tortillería San Miguel,Èsta empresa produce tortillas de maíz ,Independencia número 19 centro ,9515740059 (o)9513079017,nunamayra@gmail.com,Sí,Importante,c) Empleado asalariado sin contrato laboral.,5. No sabe,1. Con algunos problemas,1.Competencia en los servicios,4. No sabe,0,1,2,3,0,,,1,1,1,,,,,.,,,,,,,,,,No,Ninguno ,Sí,Es bueno darles oportunidad  y poner en práctica sus conocimientos ,Educación superior nivel Técnico,"Educación media superior, Educación superior nivel Técnico",Educación media superior,Educación superior nivel Técnico,Educación superior nivel Técnico,Educación superior nivel Técnico,Educación media superior,Educación media superior,"Cooordinador de contraloría interna, Asesor fiscal y  contable",2,3,4,5,4,3,9,10,2,1
2/8/2023 13:54:41,"Santo Domingo Teojomulco, 08 de febrero de 2023",Restaurante Mi Pueblito ,Restaurantero ,Sobre la Carretera a Santa Cruz Zenzontepec ,9511241551,ligonzalez.moon@gmail.com,No,De regular importancia,c) Empleado asalariado sin contrato laboral.,1.Tenderá a crecer,2. Más o menos positivo,2.Falta de entrenamiento en los empleados,2. Contratará personal administrativo,1,1,3,1,,,,2,2,2,,,,.,.,.,.,.,,.,,.,,,No,Ninguno,Sí,Porque es importante contar con una persona capacitada en esa área ,,Educación superior nivel Técnico,,,,,,,"Supervisor del área de contabilidad, Coordinador en el área de finanzas, Coordinador de administración de personal",1,,,,,,,1,1,
